{
  "format": "v4_12p3_pinocchio_mujoco_precheck_plan_debug",
  "meaning": "Precomputed q_pre/q_grasp/q_lift selected by Pinocchio IK plus MuJoCo collision precheck.",
  "model": "/home/zyh/Projects/o7_mujoco_sim/models/fr3_o7/fr3_o7_can52_upright_tabletop_v47b_debug.xml",
  "candidate": "/home/zyh/Projects/o7_mujoco_sim/records/smoke_test_candidates/can52_v47b_can_core-can-52e295024593705fb00c487926b62c9_s030_tabletop_side_body_debug.json",
  "object_body": "grasp_can",
  "target_frame": "fr3_link7",
  "precheck_status": "FAIL_PRECHECK",
  "score": 1000511.1819917507,
  "selected_seeds": {
    "pre": "random_nominal_04",
    "grasp": "runner_q_pre",
    "lift": "runner_q_grasp"
  },
  "q_pre": {
    "fr3_joint1": 0.9617745531117168,
    "fr3_joint2": 1.4438803253292714,
    "fr3_joint3": -1.4052388519943029,
    "fr3_joint4": -0.993224842746832,
    "fr3_joint5": -0.21946616616366002,
    "fr3_joint6": 0.7400913929735705,
    "fr3_joint7": 3.0158989999999997
  },
  "q_grasp": {
    "fr3_joint1": 0.9532543978930503,
    "fr3_joint2": 1.6808239631383421,
    "fr3_joint3": -1.5648421576017242,
    "fr3_joint4": -0.9579350652978121,
    "fr3_joint5": 0.06472366022301303,
    "fr3_joint6": 0.7338738393445595,
    "fr3_joint7": 3.0158989999999997
  },
  "q_lift": {
    "fr3_joint1": 0.9671142316010513,
    "fr3_joint2": 1.560618348869526,
    "fr3_joint3": -1.6484329031558007,
    "fr3_joint4": -0.9942713986989019,
    "fr3_joint5": -0.1349097251932407,
    "fr3_joint6": 0.7655241959756899,
    "fr3_joint7": 2.8175478580074316
  },
  "metrics": {
    "combo_min_joint_margin": 1.000000000139778e-06,
    "min_path_hand_support_clearance": 0.0,
    "min_path_fr3_object_clearance": 0.045271389156852575,
    "static_grasp_closed_hand_object_distance": 0.0,
    "static_grasp_closed_hand_support_clearance": 0.0,
    "smooth_cost": 4.683401779955903,
    "hard_reasons": [
      "q_current_to_q_pre_open_hand: hand-support clearance 0.00000 < 0.00500",
      "q_pre_to_q_grasp_open_hand: hand-support clearance 0.00000 < 0.00500",
      "q_grasp_to_q_lift_closed_hand: hand-support clearance 0.00000 < 0.00500",
      "q_grasp_closed: hand-support clearance 0.00000 < 0.00500",
      "combo joint margin 0.00000 < 0.00100"
    ]
  },
  "args": {
    "p2_json": "diagnostics/current_v412/v4_12p2_pinocchio_multiseed_ik_can52_debug.json",
    "model": "models/fr3_o7/fr3_o7_can52_upright_tabletop_v47b_debug.xml",
    "candidate": "records/smoke_test_candidates/can52_v47b_can_core-can-52e295024593705fb00c487926b62c9_s030_tabletop_side_body_debug.json",
    "object_body": "grasp_can",
    "out": "diagnostics/current_v412/v4_12p3_can52_ik_collision_combo_debug.json",
    "best_plan_out": "records/precheck/v4_12p3_can52_best_plan_debug.json",
    "top_per_target": 8,
    "max_combos": 512,
    "path_samples": 40,
    "min_hand_support_clearance": 0.005,
    "min_fr3_object_clearance": 0.005,
    "max_grasp_hand_object_distance": 0.03,
    "min_joint_margin": 0.001,
    "smooth_weight": 0.15,
    "clearance_reward_weight": 10.0,
    "require_ik_success": true
  },
  "note": "This plan is not yet executed. A later runner must accept these precomputed q states explicitly."
}