{
  "format": "o7_full_snapshot_v8_7",
  "time": "20260515_144532_225511",
  "model_path": "/home/zyh/Projects/o7_mujoco_sim/models/o7_grasp_scene_v8_18b_real_contact_tune_visible.xml",
  "qpos": [
    0.4591107309748942,
    -0.01187313530942878,
    0.2547363372215087,
    0.9985683391065515,
    -0.030922686975258764,
    -0.04364628643902982,
    0.00024747584971022285,
    0.4000000001137219,
    0.13000000000968462,
    0.2695272558546924,
    0.6974879823929218,
    0.7165764627846649,
    0.003988361015683632,
    -0.003574965297448655,
    0.43614140658585265,
    1.4568933284417045,
    -0.0006417104897128573,
    -0.0011145881545431542,
    -0.0007817435939537723,
    2.455483093781942e-05,
    3.316961529309501e-05,
    1.1354769546976898e-05,
    0.3945743076338076,
    0.5310131597050545,
    0.1820961923752729,
    0.31547003225299614,
    0.4245546485128616,
    0.145589334138705,
    0.3008691266440558,
    0.40485742602144026,
    0.13883095655459057
  ],
  "qvel": [
    5.0780002921889305e-05,
    -3.5162365558564e-05,
    -0.0005704406037012984,
    7.157619778646453e-05,
    -0.00015116740541384102,
    2.629311218017455e-05,
    -8.386407003608946e-10,
    -1.6827727805494736e-10,
    3.212994885362986e-10,
    2.956088992884401e-06,
    -6.715431909883237e-08,
    -4.576093983183933e-06,
    1.1896955221797473e-05,
    7.9402489190326e-06,
    4.653199922951351e-07,
    6.52698568650378e-07,
    5.780277429284354e-07,
    1.0596011194516551e-07,
    1.4342680557105917e-07,
    4.9170271993922774e-08,
    -4.9515689715077575e-05,
    -6.703477888347513e-05,
    -2.3270715131755506e-05,
    1.5848410788257453e-05,
    2.159192239635585e-05,
    7.651087715629118e-06,
    4.820815008959149e-05,
    6.50276309928457e-05,
    2.2427024849684323e-05
  ],
  "ctrl": [
    0.39999999999999997,
    1.4500000000000006,
    0.15000000000000002,
    0.0,
    0.44999999999999996,
    0.35,
    0.35
  ],
  "act": [],
  "mocap_pos": [
    0.40000000000000013,
    0.12999999999999998,
    0.27
  ],
  "mocap_quat": [
    0.7446431199702993,
    0.6674628258419331,
    0.0,
    0.0
  ],
  "joint_qpos": {
    "grasp_box_free": [
      0.4591107309748942,
      -0.01187313530942878,
      0.2547363372215087,
      0.9985683391065515,
      -0.030922686975258764,
      -0.04364628643902982,
      0.00024747584971022285
    ],
    "floating_base": [
      0.4000000001137219,
      0.13000000000968462,
      0.2695272558546924,
      0.6974879823929218,
      0.7165764627846649,
      0.003988361015683632,
      -0.003574965297448655
    ],
    "thumb_cmc_roll": 0.43614140658585265,
    "thumb_cmc_yaw": 1.4568933284417045,
    "thumb_cmc_pitch": -0.0006417104897128573,
    "thumb_mcp": -0.0011145881545431542,
    "thumb_ip": -0.0007817435939537723,
    "index_mcp_pitch": 2.455483093781942e-05,
    "index_pip": 3.316961529309501e-05,
    "index_dip": 1.1354769546976898e-05,
    "middle_mcp_pitch": 0.3945743076338076,
    "middle_pip": 0.5310131597050545,
    "middle_dip": 0.1820961923752729,
    "ring_mcp_pitch": 0.31547003225299614,
    "ring_pip": 0.4245546485128616,
    "ring_dip": 0.145589334138705,
    "pinky_mcp_pitch": 0.3008691266440558,
    "pinky_pip": 0.40485742602144026,
    "pinky_dip": 0.13883095655459057
  },
  "actuator_ctrl": {
    "thumb_cmc_roll_pos": 0.39999999999999997,
    "thumb_cmc_yaw_pos": 1.4500000000000006,
    "thumb_cmc_pitch_pos": 0.15000000000000002,
    "index_mcp_pitch_pos": 0.0,
    "middle_mcp_pitch_pos": 0.44999999999999996,
    "ring_mcp_pitch_pos": 0.35,
    "pinky_mcp_pitch_pos": 0.35
  },
  "o7_active_target": {
    "thumb_cmc_roll": 0.39999999999999997,
    "thumb_cmc_yaw": 1.4500000000000006,
    "thumb_cmc_pitch": 0.15000000000000002,
    "index_mcp_pitch": 0.0,
    "middle_mcp_pitch": 0.44999999999999996,
    "ring_mcp_pitch": 0.35,
    "pinky_mcp_pitch": 0.35
  },
  "hand_base_actual": {
    "body_id": 3,
    "pos_world": [
      0.40000000011456055,
      0.1300000000098529,
      0.2695272558543711
    ],
    "quat_world_wxyz": [
      0.6974879834600994,
      0.7165764617629923,
      0.003988359404826635,
      -0.003574963671607798
    ]
  },
  "object": {
    "body_name": "grasp_box",
    "geom_name": "grasp_box_geom",
    "body_actual": {
      "body_id": 2,
      "pos_world": [
        0.45911068019489126,
        -0.01187310014706322,
        0.2547369076621124
      ],
      "quat_world_wxyz": [
        0.9985683413020852,
        -0.03092272215702791,
        -0.04364621137892071,
        0.00024745882270674744
      ]
    }
  },
  "freeze_box": false,
  "ncon": 7,
  "contacts": [
    {
      "geom1": "thumb_proximal_seg_welded_proxy_01",
      "geom2": "grasp_box_geom",
      "dist": -0.00033865708372600385,
      "pos": [
        0.48618332541371756,
        0.018551931369597707,
        0.26438215209541305
      ]
    },
    {
      "geom1": "thumb_proximal_seg_welded_proxy_02",
      "geom2": "grasp_box_geom",
      "dist": -0.0003746154758201013,
      "pos": [
        0.4886113825987297,
        0.01832567628574054,
        0.2585238029746548
      ]
    },
    {
      "geom1": "middle_middle_seg_welded_proxy_00",
      "geom2": "grasp_box_geom",
      "dist": -0.0001402449008255052,
      "pos": [
        0.42752297881179835,
        -0.039497228117714514,
        0.2733903759097319
      ]
    },
    {
      "geom1": "middle_middle_seg_welded_proxy_01",
      "geom2": "grasp_box_geom",
      "dist": -0.00022556426333438274,
      "pos": [
        0.42756230654263183,
        -0.04066139754363064,
        0.27229786186476
      ]
    },
    {
      "geom1": "ring_middle_seg_welded_proxy_01",
      "geom2": "grasp_box_geom",
      "dist": -0.00013226605315148262,
      "pos": [
        0.429219889362921,
        -0.04187579811833057,
        0.2538429997879753
      ]
    },
    {
      "geom1": "pinky_middle_seg_welded_proxy_01",
      "geom2": "grasp_box_geom",
      "dist": -0.00012026346475854262,
      "pos": [
        0.4308624686961151,
        -0.04306679867729325,
        0.2352268843790214
      ]
    },
    {
      "geom1": "pinky_distal_seg_welded_proxy_00",
      "geom2": "grasp_box_geom",
      "dist": -7.484684465145787e-05,
      "pos": [
        0.4308969730492969,
        -0.04309924784380516,
        0.23426480542668696
      ]
    }
  ]
}