{
  "format": "fr3_o7_keyboard_control_pose_v4e",
  "time": "20260516_092625_928857",
  "model_path": "/home/zyh/Projects/o7_mujoco_sim/models/fr3_o7/fr3_o7_actuated_scene_v1f_stable_hand.xml",
  "qpos": [
    0.36002145755839926,
    -0.002004250924084056,
    -0.32000101311299717,
    -2.2908300976028286,
    0.07916246842099693,
    2.5471118811804314,
    -0.12998167074762984,
    0.2715368183954086,
    1.4153980611910495,
    0.23381270252083777,
    0.324529275395913,
    0.35262851952535645,
    0.22106438847878954,
    0.2975519844417913,
    0.1020168239429382,
    0.2455986813224919,
    0.3305885367468023,
    0.11333651605536943,
    0.23706200261254573,
    0.3190457513244599,
    0.10938901292211295,
    0.21480156979422174,
    0.28914841777679373,
    0.09913081276675517,
    0.5273216874418866,
    0.02292786639602906,
    0.19348132522541087,
    0.9960716799471363,
    -0.0006414726823631161,
    0.07873172659772959,
    0.04052298294828437
  ],
  "qvel": [
    7.987429049668957e-07,
    5.115956247773771e-07,
    8.707680573186171e-07,
    6.3454843431952116e-06,
    -2.2126677614619544e-08,
    8.487104290503053e-06,
    -9.2060885765708e-07,
    -3.753773288392152e-05,
    2.1010082990535648e-05,
    0.00011954549794580794,
    0.0002752498144869838,
    0.00044112611955990377,
    -4.1000116001071366e-05,
    -6.464753465234214e-05,
    -2.0824421065299444e-05,
    -1.2145312891829054e-05,
    -1.9757289573528165e-05,
    -7.055877642248032e-06,
    1.4328867886447995e-05,
    1.564514483767981e-05,
    4.94391309516044e-06,
    1.0850884642866654e-05,
    1.0374737434307841e-05,
    4.765316172862457e-06,
    1.744400608861646e-05,
    -0.00015503625333819282,
    2.6736336265664476e-05,
    4.012872849670136e-05,
    0.0010370173539309049,
    -0.0006906845192838196
  ],
  "ctrl": [
    0.36,
    -0.03999999999999998,
    -0.31999999999999995,
    -2.261999999999999,
    0.08000000000000002,
    2.5499999999999967,
    -0.1300000000000001,
    0.27,
    1.42,
    0.31,
    0.23,
    0.25,
    0.25,
    0.22
  ],
  "arm_ctrl": {
    "fr3_joint1": 0.36,
    "fr3_joint2": -0.03999999999999998,
    "fr3_joint3": -0.31999999999999995,
    "fr3_joint4": -2.261999999999999,
    "fr3_joint5": 0.08000000000000002,
    "fr3_joint6": 2.5499999999999967,
    "fr3_joint7": -0.1300000000000001
  },
  "hand_active_ctrl": {
    "thumb_cmc_roll": 0.27,
    "thumb_cmc_yaw": 1.42,
    "thumb_cmc_pitch": 0.31,
    "index_mcp_pitch": 0.23,
    "middle_mcp_pitch": 0.25,
    "ring_mcp_pitch": 0.25,
    "pinky_mcp_pitch": 0.22
  },
  "body_poses": {
    "grasp_box": {
      "pos": [
        0.5273216699978804,
        0.022928021432282397,
        0.1934812984890746
      ],
      "quat_wxyz": [
        0.996071706762857,
        -0.0006414444669973514,
        0.0787312095343651,
        0.04052332884623241
      ]
    },
    "fr3_link7": {
      "pos": [
        0.5101067865741455,
        0.014562832655331842,
        0.48091117175628634
      ],
      "quat_wxyz": [
        -0.020700539763982808,
        0.9898378113424444,
        0.0545364128829841,
        0.12968567600215242
      ]
    },
    "thumb_metacarpals_base1": {
      "pos": [
        0.5621059015287768,
        0.043100143273566455,
        0.3215696306917121
      ],
      "quat_wxyz": [
        -0.13587328771620077,
        0.0364777780375478,
        -0.9835310597622008,
        0.1134657475966893
      ]
    },
    "thumb_distal": {
      "pos": [
        0.49574935179001084,
        0.02651821709151495,
        0.2255570654797871
      ],
      "quat_wxyz": [
        0.0106745730348606,
        0.9845660012677114,
        0.11904282008760751,
        0.12784619518711332
      ]
    },
    "index_distal": {
      "pos": [
        0.5653562079358744,
        0.05599505818906779,
        0.19354432970448135
      ],
      "quat_wxyz": [
        0.17876570549649096,
        0.05824938989640932,
        -0.9821611205409662,
        -0.003060132799618372
      ]
    },
    "middle_distal": {
      "pos": [
        0.5664188757918968,
        0.0371285152435031,
        0.18827959641988248
      ],
      "quat_wxyz": [
        0.21248373676652615,
        0.05832022375355689,
        -0.9754221167134144,
        -0.001052300997943245
      ]
    },
    "ring_distal": {
      "pos": [
        0.5681223848824808,
        0.018076945939095937,
        0.19255955467632466
      ],
      "quat_wxyz": [
        0.20075043183329366,
        0.05830337374485959,
        -0.9779043451599396,
        -0.0017528394171827735
      ]
    },
    "pinky_distal": {
      "pos": [
        0.5711466075895831,
        -0.000823843955635969,
        0.19684094468379937
      ],
      "quat_wxyz": [
        0.1701392160664651,
        0.058220290418925784,
        -0.9836921730502042,
        -0.0035712210224446645
      ]
    }
  }
}